timestamp,session,object_index,attempt,algorithm,image,scene_image,click_u,click_v,sam_score,sam_mask_px,grasp_x,grasp_y,grasp_z,grasp_yaw,grasp_width_m,grasp_width_cmd_m,grasp_quality,top_n_requested,sam_s,predict_s,execute_s,attempt_active_s,object_execute_s,object_active_s,wall_clock_s,success,outcome,robot_error,retry_same_object,obj_name,clutter_level
2026-09-10T01:56:43,20260910_015433,1,1,/ggcnn_service/predict,001_obj01_att1_picked.png,scene001_obj01.png,363,220,1.0062,2187,0.7175,0.004,0.0735,-0.4242,0.09,0,3.0402,5,56.2143,2.179,14.509,72.9023,14.509,72.9023,90.9759,True,picked,N/A,N/A,A24_0,0
2026-09-10T01:58:44,20260910_015433,2,1,/ggcnn_service/predict,002_obj02_att1_picked.png,scene002_obj02.png,364,196,0.8618,722,0.7388,0.0052,0.0784,-0.5095,0.09,0,2.312,5,53.534,5.4299,15.2471,74.2111,15.2471,74.2111,86.6831,True,picked,N/A,N/A,A24_0,0
2026-09-10T02:02:18,20260910_015433,3,2,/ggcnn_service/predict,004_obj03_att2_picked.png,scene003_obj03.png,373,311,0.9549,810,0.7416,0.0091,0.0676,-0.1873,0.0426,0,2.0804,5,58.5806,1.0618,14.1332,73.7755,28.8803,143.2174,83.8238,True,picked,N/A,N/A,A24_0,1
2026-09-10T02:13:03,20260910_015433,5,3,/ggcnn_service/predict,011_obj05_att3_picked.png,scene005_obj05.png,379,363,0.9043,858,0.7361,-0.0056,0.0657,-1.1387,0.0296,0,1.7558,5,56.1444,5.2122,22.1909,83.5475,56.9214,230.1569,92.1059,True,picked,N/A,N/A,A24_0,1
2026-09-10T02:14:39,20260910_015433,6,1,/ggcnn_service/predict,012_obj06_att1_picked.png,scene006_obj06.png,366,199,0.9593,620,0.728,0.0077,0.0775,-2.7954,0.0363,0,1.7159,5,54.2684,2.5834,14.7228,71.5747,14.7228,71.5747,82.8245,True,picked,N/A,N/A,A24_0,1
2026-09-10T02:24:08,20260910_015433,7,6,/ggcnn_service/predict,018_obj07_att6_picked.png,scene007_obj07.png,350,325,0.9535,781,0.6826,0.0036,0.0675,-1.2335,0.0836,0,2.4672,5,54.103,0.7495,14.1025,68.9551,85.4797,424.865,86.7717,True,picked,N/A,N/A,A24_0,1
2026-09-10T02:26:58,20260910_015433,8,2,/ggcnn_service/predict,020_obj08_att2_picked.png,scene008_obj08.png,366,217,0.9848,2176,0.723,0.0012,0.0745,-0.3714,0.09,0,3.0157,5,55.3171,1.6053,14.515,71.4374,14.515,128.6935,79.6542,True,picked,N/A,N/A,A24_0,1
2026-09-10T02:28:40,20260910_015433,9,1,/ggcnn_service/predict,021_obj09_att1_picked.png,scene009_obj09.png,369,222,0.8987,519,0.7178,-0.0028,0.0735,-3.0881,0.0312,0,1.2496,5,52.0558,2.5013,14.4089,68.9659,14.4089,68.9659,83.3943,True,picked,N/A,N/A,A24_0,1
2026-09-10T02:31:07,20260910_015433,10,1,/ggcnn_service/predict,022_obj10_att1_picked.png,scene010_obj10.png,383,268,0.9042,662,0.68,-0.0125,0.0735,-0.4524,0.09,0,2.9257,5,50.2795,1.4241,28.148,79.8516,28.148,79.8516,120.365,True,picked,N/A,N/A,A24_0,1
2026-09-10T02:37:15,20260910_015433,11,4,/ggcnn_service/predict,026_obj11_att4_picked.png,scene011_obj11.png,391,307,0.9965,3477,0.7075,0.0056,0.068,-1.039,0.0615,0,2.2035,5,51.6083,0.7339,14.7705,67.1127,67.9861,282.0933,75.873,True,picked,N/A,N/A,A24_0,2
2026-09-10T02:41:47,20260910_015433,12,3,/ggcnn_service/predict,029_obj12_att3_picked.png,scene012_obj12.png,403,410,0.9783,4065,0.6365,0.0229,0.068,-0.8793,0.0391,0,2.1186,5,51.568,1.2604,15.7637,68.5921,43.2033,203.3218,79.237,True,picked,N/A,N/A,A24_0,2
2026-09-10T02:46:08,20260910_015433,13,3,/ggcnn_service/predict,032_obj13_att3_picked.png,scene013_obj13.png,366,314,0.971,925,0.6928,-0.0245,0.067,-0.1955,0.074,0,2.5139,5,51.289,0.869,14.0119,66.1699,41.8712,197.5582,73.6561,True,picked,N/A,N/A,A24_0,2
2026-09-10T03:19:44,20260910_031820,1,1,/ggcnn_service/predict,001_obj01_att1_picked.png,scene001_obj01.png,370,241,0.9885,2185,0.6956,-0.0128,0.0684,-3.0542,0.0382,0.0282,1.5284,5,42.8705,1.2969,17.0219,61.1892,17.0219,61.1892,71.6854,True,picked,N/A,N/A,A24_0,2
2026-09-10T03:24:33,20260910_031820,3,1,/ggcnn_service/predict,003_obj03_att1_picked.png,scene003_obj03.png,384,250,0.987,2233,0.6912,-0.0026,0.0684,-2.7998,N/A,0.04,0.7536,5,49.3778,2.6378,17.598,69.6136,17.598,69.6136,80.4122,True,picked,N/A,N/A,A24_0,2
2026-09-10T03:36:32,20260910_031820,4,8,/ggcnn_service/predict,011_obj04_att8_picked.png,scene004_obj04.png,376,326,0.9616,822,0.7182,-0.0136,0.0615,-2.8731,0.0176,0.0076,1.2455,5,50.3868,0.9892,16.8254,68.2014,118.8549,550.3859,79.9531,True,picked,N/A,N/A,A24_0,3
2026-09-10T03:40:03,20260910_031820,5,2,/ggcnn_service/predict,013_obj05_att2_picked.png,scene005_obj05.png,374,317,0.9728,3382,0.7193,-0.0084,0.0869,-0.4052,0.0307,0.0207,1.2222,5,48.9835,5.0224,16.3007,70.3066,33.5637,137.6345,85.0313,True,picked,N/A,N/A,A24_0,3
2026-09-10T04:10:07,20260910_031820,11,6,/ggcnn_service/predict,032_obj11_att6_picked.png,scene005_obj05.png,347,309,0.9592,842,0.7247,0.0213,0.0639,-0.57,0.0615,0.0515,2.2131,5,49.3691,4.5338,17.1329,71.0358,104.3393,423.4085,90.4735,True,picked,N/A,N/A,A24_0,3
2026-09-10T04:16:25,20260910_031820,12,4,/ggcnn_service/predict,036_obj12_att4_picked.png,scene006_obj12.png,327,214,1.0062,2165,0.7162,0.0262,0.0693,-2.8165,0.0513,0.0413,2.2697,5,49.1625,1.0685,18.3415,68.5725,74.847,279.0621,80.2995,True,picked,N/A,N/A,A24_0,3
2026-09-10T04:25:42,20260910_031820,13,6,/ggcnn_service/predict,042_obj13_att6_picked.png,scene006_obj12.png,380,325,0.9645,811,0.7218,0.0421,0.0637,-3.1334,0.0298,0.0198,1.5289,5,54.308,1.9518,16.6022,72.862,52.7938,386.2985,81.7331,True,picked,N/A,N/A,A24_0,3
2026-09-10T04:29:48,20260910_031820,14,2,/ggcnn_service/predict,044_obj14_att2_picked.png,scene006_obj12.png,310,219,0.9353,1744,0.71,0.0377,0.0686,-0.0244,0.0854,0.0754,2.0887,5,48.6326,0.9882,17.5931,67.2139,63.8232,163.1685,78.6711,True,picked,N/A,N/A,A24_0,3
2026-09-10T04:32:50,20260910_031820,15,2,/ggcnn_service/predict,046_obj15_att2_picked.png,scene007_obj15.png,391,315,0.9789,2456,0.7331,-0.0038,0.0624,2.8189,0.0006,0,1.0289,5,50.9487,1.2285,17.265,69.4422,36.3782,139.7147,80.2731,True,picked,N/A,N/A,D25_3,0
2026-09-10T04:34:28,20260910_031820,16,1,/ggcnn_service/predict,047_obj16_att1_picked.png,scene008_obj16.png,367,204,0.9566,1722,0.7263,-0.0049,0.0684,-0.5517,0.0562,0.0462,1.9915,5,49.4297,0.8215,19.8926,70.1438,19.8926,70.1438,78.4751,True,picked,N/A,N/A,D25_3,0
2026-09-10T04:36:30,20260910_031820,17,1,/ggcnn_service/predict,048_obj17_att1_picked.png,scene009_obj17.png,369,176,0.9086,1781,0.7488,0.0041,0.0684,-0.4559,0.0419,0.0319,1.8705,5,49.2617,1.1369,22.5451,72.9437,22.5451,72.9437,104.2671,True,picked,N/A,N/A,D25_3,0
2026-09-10T04:39:33,20260910_031820,18,2,/ggcnn_service/predict,050_obj18_att2_picked.png,scene010_obj18.png,368,314,0.9704,2544,0.7146,0.0202,0.0628,-0.6067,0.09,0.08,3.1805,5,49.795,1.2137,18.3702,69.3789,36.3292,137.6738,82.0032,True,picked,N/A,N/A,D25_3,0
2026-09-10T04:49:26,20260910_031820,19,7,/ggcnn_service/predict,057_obj19_att7_picked.png,scene011_obj19.png,332,395,0.9723,2607,0.6993,-0.0393,0.064,-1.7322,N/A,0.04,1.2311,5,48.4986,2.3183,20.7194,71.5363,99.2299,473.3912,84.6277,True,picked,N/A,N/A,D25_3,1
2026-09-10T04:54:54,20260910_031820,20,4,/ggcnn_service/predict,061_obj20_att4_picked.png,scene012_obj20.png,376,304,0.9402,2602,0.667,-0.0236,0.06,-2.1292,0.0185,0.0085,1.9017,5,49.9135,0.9547,22.762,73.6302,56.9522,264.3552,86.4599,True,picked,N/A,N/A,D25_3,1
2026-09-10T05:06:29,20260910_031820,21,8,/ggcnn_service/predict,069_obj21_att8_picked.png,scene012_obj20.png,285,198,0.9764,2488,0.6957,-0.0159,0.0627,2.4299,N/A,0.04,2.2056,5,49.1006,1.9515,19.8733,70.9255,133.8221,548.9695,80.8464,True,picked,N/A,N/A,D25_3,1
2026-09-10T05:08:05,20260910_031820,22,1,/ggcnn_service/predict,070_obj22_att1_picked.png,scene013_obj22.png,393,256,0.9699,1634,0.671,-0.0113,0.0904,-0.0518,0.0087,0,1.4091,5,49.011,1.0865,17.0714,67.1689,17.0714,67.1689,75.107,True,picked,N/A,N/A,D25_3,1
2026-09-10T05:11:17,20260910_031820,23,2,/ggcnn_service/predict,072_obj23_att2_picked.png,scene014_obj23.png,394,272,0.8855,2429,0.6872,0.0013,0.0598,0.8283,0.0229,0.0129,2.6823,5,48.7283,0.6886,17.2641,66.681,39.8252,140.4234,75.2508,True,picked,N/A,N/A,D25_3,1
2026-09-10T05:14:28,20260910_031820,24,2,/ggcnn_service/predict,074_obj24_att2_picked.png,scene015_obj24.png,373,306,0.971,2522,0.6739,-0.0117,0.0839,0.2055,0.0141,0.0041,1.5462,5,49.4027,1.3101,15.4219,66.1346,32.6432,136.8254,72.5483,True,picked,N/A,N/A,D25_3,2
2026-09-10T05:19:46,20260910_031820,25,4,/ggcnn_service/predict,078_obj25_att4_picked.png,scene016_obj25.png,341,312,0.9643,2565,0.6732,-0.0044,0.088,0.2517,0.0218,0.0118,2.2725,5,49.5922,0.98,15.3688,65.941,48.9191,257.2941,79.0677,True,picked,N/A,N/A,D25_3,2
2026-09-10T05:22:46,20260910_031820,26,2,/ggcnn_service/predict,080_obj26_att2_picked.png,scene017_obj26.png,359,330,0.9666,2540,0.6751,-0.0143,0.0633,2.9966,N/A,0.04,0.6564,5,49.4984,2.7838,18.0199,70.3021,35.2321,137.8174,78.6735,True,picked,N/A,N/A,D25_3,2
2026-09-10T05:24:33,20260910_031820,27,1,/ggcnn_service/predict,081_obj27_att1_picked.png,scene018_obj27.png,396,281,0.895,1748,0.6713,-0.0211,0.0694,-3.0006,N/A,0.04,0.7755,5,49.2297,1.9908,17.8745,69.095,17.8745,69.095,88.2754,True,picked,N/A,N/A,D25_3,2
2026-09-10T05:26:40,20260910_031820,28,1,/ggcnn_service/predict,082_obj28_att1_picked.png,scene019_obj28.png,414,273,0.9353,1633,0.6798,-0.0311,0.0692,-2.9317,0.0356,0.0256,1.3974,5,49.5601,6.4809,44.0147,100.0558,44.0147,100.0558,107.2932,True,picked,N/A,N/A,D25_3,2
2026-09-10T05:43:31,20260910_031820,29,10,/ggcnn_service/predict,092_obj29_att10_robot_error.png,scene019_obj28.png,375,317,0.8933,2207,0.6529,-0.0068,0.0621,-2.01,0.014,0.004,2.1711,5,56.2829,2.5405,23.682,82.5054,204.2865,732.0889,95.804,True,robot_error,cartesian_reflex,False,D25_3,3
2026-09-10T05:54:52,20260910_031820,30,6,/ggcnn_service/predict,098_obj30_att6_picked.png,scene020_obj30.png,240,197,0.9677,1755,0.737,0.1024,0.07,-0.1784,0.0656,0.0556,1.926,5,49.5135,1.1884,20.7156,71.4175,114.8746,422.567,86.9317,True,picked,N/A,N/A,D25_3,3
2026-09-10T06:01:01,20260910_031820,31,4,/ggcnn_service/predict,102_obj31_att4_picked.png,scene021_obj31.png,333,332,0.8822,3285,0.7237,0.131,0.063,-0.79,0.0737,0.0637,2.1911,5,50.1511,1.9958,21.2351,73.3819,57.4223,269.425,101.9387,True,picked,N/A,N/A,D25_3,3
2026-09-10T06:22:31,20260910_031820,32,14,/ggcnn_service/predict,116_obj32_att14_picked.png,scene021_obj31.png,379,299,0.9708,2576,0.7338,0.0826,0.0645,-1.3073,0.0248,0.0148,1.3833,5,51.176,1.6406,51.5272,104.3437,248.4369,1019.2235,113.2343,True,picked,N/A,N/A,D25_3,3
2026-09-11T05:30:08,20260911_041328,13,3,/ggcnn_service/predict,054_obj13_att3_picked.png,scene013_obj13.png,389,316,0.8693,600,0.7235,0.0104,0.0628,-2.322,0.0323,0.0223,1.5622,5,51.4965,2.1897,14.8718,68.558,54.7508,213.534,77.2909,True,picked,N/A,N/A,J25_3,0
2026-09-11T05:33:23,20260911_041328,14,2,/ggcnn_service/predict,056_obj14_att2_picked.png,scene014_obj14.png,332,164,0.8908,410,0.7636,0.0331,0.0697,-0.4621,0.0847,0.0747,1.8607,5,50.6791,2.0662,20.1142,72.8595,20.1142,131.6761,82.1661,True,picked,N/A,N/A,J25_3,0
2026-09-11T05:49:20,20260911_041328,16,2,/ggcnn_service/predict,067_obj16_att2_picked.png,scene016_obj16.png,363,312,0.8688,2504,0.6976,0.0319,0.0625,2.9122,0.009,0,1.6767,5,51.0528,0.6423,12.8542,64.5493,26.9007,128.8756,73.3438,True,picked,N/A,N/A,J25_3,0
2026-09-11T05:52:34,20260911_041328,17,2,/ggcnn_service/predict,069_obj17_att2_picked.png,scene017_obj17.png,317,177,0.8992,1768,0.7658,0.0399,0.069,0.0148,0.065,0.055,1.8142,5,52.9447,1.1963,19.8926,74.0336,19.8926,133.769,100.3463,True,picked,N/A,N/A,J25_3,0
2026-09-11T05:55:36,20260911_041328,18,2,/ggcnn_service/predict,071_obj18_att2_picked.png,scene018_obj18.png,400,322,0.9607,2036,0.6412,-0.0137,0.0689,-0.5415,0.0832,0.0732,2.3381,5,53.8131,0.4624,15.479,69.7546,31.6204,137.3411,76.9444,True,picked,N/A,N/A,J25_3,1
2026-09-11T06:03:03,20260911_041328,19,6,/ggcnn_service/predict,077_obj19_att6_picked.png,scene019_obj19.png,379,322,0.9145,2902,0.655,-0.0309,0.0621,-3.0478,0.054,0.044,1.987,5,51.795,0.2477,13.8041,65.8467,51.5296,380.2511,73.5736,True,picked,N/A,N/A,J25_3,1
2026-09-11T06:09:40,20260911_041328,20,5,/ggcnn_service/predict,082_obj20_att5_picked.png,scene020_obj20.png,381,269,0.9228,1931,0.6826,-0.0184,0.0694,-0.0008,0.0465,0.0365,1.2231,5,51.9146,1.2036,13.86,66.9781,49.9261,318.6633,77.9819,True,picked,N/A,N/A,J25_3,1
2026-09-11T06:21:23,20260911_041328,21,9,/ggcnn_service/predict,091_obj21_att9_robot_error.png,scene021_obj21.png,374,246,0.8552,1237,0.6942,0.0061,0.0696,-0.2214,0.0071,0,0.9457,5,50.3763,0.6667,18.1359,69.179,82.3253,579.2468,75.4881,True,robot_error,cartesian_reflex,False,J25_3,2
2026-09-11T06:25:45,20260911_041328,22,3,/ggcnn_service/predict,094_obj22_att3_picked.png,scene022_obj22.png,342,321,0.8965,590,0.6882,-0.024,0.0625,-0.761,0.0578,0.0478,2.7398,5,51.6399,1.2967,13.3017,66.2383,41.0502,195.9034,71.1447,True,picked,N/A,N/A,J25_3,2
2026-09-11T06:43:18,20260911_041328,24,11,/ggcnn_service/predict,106_obj24_att11_picked.png,scene024_obj24.png,402,357,0.9017,3060,0.6835,-0.0245,0.0639,-1.3179,0.0185,0.0085,2.6862,5,51.5883,0.2876,14.7996,66.6754,137.1114,728.8432,74.9058,True,picked,N/A,N/A,J25_3,3
2026-09-14T00:25:55,20260914_001935,1,5,/ggcnn_service/predict,005_obj01_att5_picked.png,scene001_obj01.png,365,247,0.8946,5429,0.7261,0.0086,0.0967,0.0277,0.0408,0.0308,1.5867,5,52.0291,0.297,14.4523,66.7784,71.5364,314.3922,77.0356,True,picked,N/A,N/A,J25_3,3
2026-09-14T00:53:13,20260914_001935,2,20,/ggcnn_service/predict,025_obj02_att20_picked.png,scene002_obj02.png,344,350,0.92,2531,0.6709,0.1009,0.0608,3.1143,N/A,0.04,1.4463,5,51.2962,0.2189,14.7889,66.304,225.8757,1294.419,71.5391,True,picked,N/A,N/A,J25_3,3
2026-09-14T01:22:56,20260914_001935,7,8,/ggcnn_service/predict,049_obj07_att8_picked.png,scene007_obj07.png,366,344,0.9884,2591,0.6247,-0.0008,0.0679,-0.5417,0.073,0.063,2.8096,5,48.7313,0.2663,15.1644,64.1621,15.1644,433.2122,119.0884,True,picked,N/A,N/A,I25_3,0
2026-09-14T01:13:07,20260914_001935,6,8,/ggcnn_service/predict,041_obj06_att8_picked.png,scene006_obj06.png,459,314,0.9828,4080,0.749,0.0021,0.0588,-3.0843,0.0347,0.0247,1.4333,5,51.5077,2.3343,14.6716,68.5136,31.1704,446.8554,87.4375,True,picked,N/A,N/A,I25_3,0
2026-09-14T01:00:00,20260914_001935,4,1,/ggcnn_service/predict,030_obj04_att1_picked.png,scene004_obj04.png,360,233,0.9514,1367,0.7055,0.0054,0.0676,-0.1278,0.0759,0.0659,2.2921,5,49.6487,0.2865,14.7591,64.6943,14.7591,64.6943,70.857,True,picked,N/A,N/A,I25_3,0
2026-09-15T00:38:12,20260915_003625,1,1,/ggcnn_service/predict,001_obj01_att1_picked.png,scene001_obj01.png,352,234,0.9582,2584,0.6971,0.015,0.069,-0.1914,0.0158,0.0058,1.5538,5,40.712,0.7658,14.2097,55.6875,14.2097,55.6875,63.3903,True,picked,N/A,N/A,I25_3,1
2026-09-15T00:40:05,20260915_003625,2,1,/ggcnn_service/predict,002_obj02_att1_picked.png,scene002_obj02.png,348,249,0.9595,2549,0.695,0.0086,0.069,-0.0532,0.0236,0.0136,0.7154,5,42.106,0.3349,14.2118,56.6527,14.2118,56.6527,94.7416,True,picked,N/A,N/A,I25_3,1
2026-09-15T00:42:32,20260915_003625,3,2,/ggcnn_service/predict,004_obj03_att2_picked.png,scene003_obj03.png,387,311,0.9435,3950,0.7064,0.0133,0.0627,-2.636,0.0377,0.0277,2.0708,5,42.0737,0.3184,14.9801,57.3722,29.091,111.5479,63.4026,True,picked,N/A,N/A,I25_3,1
2026-09-15T00:58:14,20260915_003625,4,11,/ggcnn_service/predict,015_obj04_att11_picked.png,scene004_obj04.png,365,311,0.8853,3940,0.6666,0.0236,0.0612,-2.6165,0.0242,0.0142,1.5887,5,48.868,0.5202,14.7261,64.1143,149.7819,719.1155,70.49,True,picked,N/A,N/A,I25_3,2
2026-09-15T01:04:41,20260915_003625,5,5,/ggcnn_service/predict,020_obj05_att5_picked.png,scene005_obj05.png,360,313,0.9619,2901,0.7351,0.0191,0.0669,2.3796,0.0529,0.0429,2.8429,5,50.2696,0.4793,14.1104,64.8593,59.3781,319.0608,72.9159,True,picked,N/A,N/A,I25_3,2
2026-09-15T01:09:51,20260915_003625,6,3,/ggcnn_service/predict,023_obj06_att3_picked.png,scene006_obj06.png,361,311,0.9441,3010,0.7252,0.0105,0.065,-1.4317,0.0507,0.0407,2.8385,5,49.5785,0.5671,14.2034,64.349,42.9226,194.7453,76.1633,True,picked,N/A,N/A,I25_3,2
2026-09-15T01:19:56,20260915_003625,7,7,/ggcnn_service/predict,030_obj07_att7_picked.png,scene007_obj07.png,355,316,0.9896,3746,0.7353,0.0217,0.063,-0.9116,0.09,0.08,3.067,5,49.5446,4.0824,13.9844,67.6113,118.9332,482.901,75.7164,True,picked,N/A,N/A,I25_3,3
2026-09-15T01:33:57,20260915_003625,8,9,/ggcnn_service/predict,039_obj08_att9_picked.png,scene008_obj08.png,374,324,0.9696,3749,0.6818,-0.0011,0.0628,-0.7404,0.0452,0.0352,1.4639,5,51.7555,0.6664,14.7358,67.1577,84.6318,558.5643,127.1796,True,picked,N/A,N/A,I25_3,3
2026-09-15T01:46:00,20260915_003625,9,9,/ggcnn_service/predict,048_obj09_att9_picked.png,scene009_obj09.png,375,326,0.969,3803,0.6977,0.0157,0.0609,0.0571,0.0217,0.0117,1.0358,5,49.9851,4.1593,14.1187,68.2631,71.5188,556.4562,73.9778,True,picked,N/A,N/A,I25_3,3
2026-09-15T02:01:56,20260915_003625,10,2,/ggcnn_service/predict,050_obj10_att2_picked.png,scene010_obj10.png,380,341,0.8599,305,0.6247,-0.0106,0.0605,-1.7748,N/A,0.04,0.9673,5,40.617,1.6652,15.9998,58.282,31.997,122.0228,107.5646,True,picked,N/A,N/A,K25_3,0
2026-09-15T02:03:56,20260915_003625,11,1,/ggcnn_service/predict,051_obj11_att1_robot_error.png,scene011_obj11.png,334,309,0.9777,2120,0.6402,0.0292,0.07,-2.4975,0.0159,0.0059,1.3225,5,48.1675,0.8719,20.1643,69.2037,20.1643,69.2037,86.2399,True,robot_error,cartesian_reflex,False,K25_3,0
2026-09-15T02:08:20,20260915_003625,12,2,/ggcnn_service/predict,053_obj12_att2_picked.png,scene012_obj12.png,373,310,0.9553,2869,0.7233,0.0378,0.0596,0.0155,0.0477,0.0377,1.7205,5,49.7599,3.4186,16.3162,69.4947,32.6285,133.5679,93.7714,True,picked,N/A,N/A,K25_3,0
2026-09-15T02:13:20,20260915_003625,13,2,/ggcnn_service/predict,055_obj13_att2_picked.png,scene013_obj13.png,381,323,0.9845,2788,0.6415,0.0612,0.0923,-2.7045,0.0242,0.0142,1.4757,5,49.9002,0.1806,13.1006,63.1814,28.0859,127.2989,170.8623,True,picked,N/A,N/A,K25_3,1
2026-09-15T03:13:09,20260915_003625,19,2,/ggcnn_service/predict,075_obj19_att2_picked.png,scene019_obj19.png,384,261,0.9082,2703,0.6427,0.0258,0.0612,-0.8586,0.0387,0.0287,2.0284,5,49.3294,4.3883,17.0591,70.7768,33.4773,137.4135,109.6976,True,picked,N/A,N/A,K25_3,1
2026-09-15T03:06:14,20260915_003625,17,5,/ggcnn_service/predict,072_obj17_att5_grasp_failed.png,scene017_obj17.png,341,362,0.9301,2781,0.6058,0.0557,0.064,3.1221,0.0083,0,0.1729,5,43.7297,0.34,14.8323,58.9021,59.9638,312.1915,66.0999,True,grasp_failed,N/A,False,K25_3,1
2026-09-15T03:21:50,20260915_003625,20,5,/ggcnn_service/predict,080_obj20_att5_picked.png,scene020_obj20.png,380,337,0.9379,2691,0.6568,0.0489,0.0631,-1.3196,N/A,0.04,0.6003,5,48.3297,4.5739,16.1712,69.0749,45.174,307.545,74.6072,True,picked,N/A,N/A,K25_3,2
2026-09-15T03:26:16,20260915_003625,21,3,/ggcnn_service/predict,083_obj21_att3_picked.png,scene021_obj21.png,328,306,0.9293,2387,0.6145,0.0673,0.0609,-0.0172,0.0101,0.0001,1.4362,5,51.8148,0.3043,15.7634,67.8824,30.8577,186.2175,77.6518,True,picked,N/A,N/A,K25_3,2
2026-09-15T03:28:01,20260915_003625,22,1,/ggcnn_service/predict,084_obj22_att1_picked.png,scene022_obj22.png,306,318,0.911,963,0.6296,0.0492,0.0704,-0.659,0.0276,0.0176,1.6133,5,48.2548,0.5808,16.3756,65.2112,16.3756,65.2112,75.4353,True,picked,N/A,N/A,K25_3,2
2026-09-15T03:39:51,20260915_003625,23,8,/ggcnn_service/predict,092_obj23_att8_picked.png,scene023_obj23.png,345,398,0.9695,2056,0.5784,0.0132,0.0702,-0.2435,0.0148,0.0048,2.5399,5,48.3895,0.276,18.2243,66.8898,95.5875,514.8776,100.9448,True,picked,N/A,N/A,K25_3,3
2026-09-15T03:45:00,20260915_003625,24,3,/ggcnn_service/predict,095_obj24_att3_picked.png,scene024_obj24.png,372,301,0.9245,2349,0.631,0.0435,0.0626,-3.1344,0.0445,0.0345,2.0291,5,50.3342,0.2403,13.7648,64.3393,44.6369,197.273,82.3455,True,picked,N/A,N/A,K25_3,3
2026-09-15T04:06:38,20260915_003625,26,8,/ggcnn_service/predict,111_obj26_att8_picked.png,scene025_obj25.png,369,317,0.8976,2638,0.7019,-0.017,0.0909,0.5924,0.0301,0.0201,1.3353,5,50.1968,0.4503,12.5305,63.1776,54.9965,483.5926,70.5366,True,picked,N/A,N/A,K25_3,3
2026-09-15T04:12:33,20260915_003625,28,1,/ggcnn_service/predict,114_obj28_att1_picked.png,scene027_obj28.png,339,370,1.0003,2405,0.6008,0.0195,0.07,-2.2186,0.0508,0.0408,1.526,5,48.5066,0.2764,17.3059,66.089,17.3059,66.089,84.5071,True,picked,N/A,N/A,A24_0,0
